Date,Occupancy_Rate,Day_of_Week,Is_Weekend,Month,Is_Holiday_Period,Nearby_Event_Attendees,Average_Room_Rate
2023-01-01,0.6,7,1,1,1,0,224.7
2023-01-02,0.61,1,0,1,1,0,209.75
2023-01-03,0.58,2,0,1,1,0,175.26
2023-01-04,0.56,3,0,1,1,0,199.99
2023-01-05,0.63,4,0,1,1,0,203.94
2023-01-06,0.38,5,0,1,0,0,151.65
2023-01-07,0.55,6,1,1,0,0,185.93
2023-01-08,0.64,7,1,1,0,0,179.67
2023-01-09,0.41,1,0,1,0,0,173.02
2023-01-10,0.47,2,0,1,0,0,139.86
2023-01-11,0.49,3,0,1,0,27827,162.32
2023-01-12,0.44,4,0,1,0,0,151.59
2023-01-13,0.49,5,0,1,0,0,146.42
2023-01-14,0.61,6,1,1,0,0,169.47
2023-01-15,0.57,7,1,1,0,0,159.1
2023-01-16,0.46,1,0,1,0,0,150.13
2023-01-17,0.51,2,0,1,0,0,147.09
2023-01-18,0.48,3,0,1,0,0,146.84
2023-01-19,0.37,4,0,1,0,8903,185.9
2023-01-20,0.4,5,0,1,0,0,153.74
2023-01-21,0.61,6,1,1,0,0,175.05
2023-01-22,0.55,7,1,1,0,0,182.82
2023-01-23,0.45,1,0,1,0,0,136.68
2023-01-24,0.45,2,0,1,0,0,139.83
2023-01-25,0.44,3,0,1,0,27694,180.61
2023-01-26,0.44,4,0,1,0,0,156.04
2023-01-27,0.44,5,0,1,0,0,159.66
2023-01-28,0.59,6,1,1,0,0,183.32
2023-01-29,0.51,7,1,1,0,0,155.73
2023-01-30,0.5,1,0,1,0,0,167.71
2023-01-31,0.44,2,0,1,0,0,159.79
2023-02-01,0.49,3,0,2,0,0,157.1
2023-02-02,0.45,4,0,2,0,0,138.13
2023-02-03,0.47,5,0,2,0,0,167.33
2023-02-04,0.57,6,1,2,0,0,166.08
2023-02-05,0.6,7,1,2,0,0,162.11
2023-02-06,0.49,1,0,2,0,0,160.82
2023-02-07,0.51,2,0,2,0,0,145.62
2023-02-08,0.36,3,0,2,0,0,156.64
2023-02-09,0.36,4,0,2,0,0,176.69
2023-02-10,0.41,5,0,2,0,0,142.93
2023-02-11,0.63,6,1,2,0,49622,206.07
2023-02-12,0.6,7,1,2,0,0,168.8
2023-02-13,0.48,1,0,2,0,0,148.19
2023-02-14,0.47,2,0,2,0,0,151.45
2023-02-15,0.56,3,0,2,0,0,144.96
2023-02-16,0.38,4,0,2,0,0,145.83
2023-02-17,0.46,5,0,2,0,0,155.01
2023-02-18,0.63,6,1,2,0,0,156.21
2023-02-19,0.53,7,1,2,0,0,164.71
2023-02-20,0.47,1,0,2,0,0,146.28
2023-02-21,0.39,2,0,2,0,0,154.86
2023-02-22,0.34,3,0,2,0,0,152.93
2023-02-23,0.51,4,0,2,0,0,143.88
2023-02-24,0.44,5,0,2,0,0,156.5
2023-02-25,0.56,6,1,2,0,0,177.5
2023-02-26,0.63,7,1,2,0,0,183.29
2023-02-27,0.49,1,0,2,0,0,149.04
2023-02-28,0.38,2,0,2,0,0,155.35
2023-03-01,0.61,3,0,3,0,0,141.99
2023-03-02,0.4,4,0,3,0,0,153.51
2023-03-03,0.45,5,0,3,0,0,161.32
2023-03-04,0.59,6,1,3,0,0,155.26
2023-03-05,0.57,7,1,3,0,0,171.08
2023-03-06,0.45,1,0,3,0,0,170.37
2023-03-07,0.4,2,0,3,0,0,142.21
2023-03-08,0.37,3,0,3,0,0,157.15
2023-03-09,0.4,4,0,3,0,0,158.5
2023-03-10,0.38,5,0,3,0,0,148.16
2023-03-11,0.56,6,1,3,0,0,193.76
2023-03-12,0.54,7,1,3,0,0,178.5
2023-03-13,0.42,1,0,3,0,0,152.84
2023-03-14,0.4,2,0,3,0,0,154.28
2023-03-15,0.4,3,0,3,0,0,166.08
2023-03-16,0.43,4,0,3,0,0,164.12
2023-03-17,0.37,5,0,3,0,0,162.05
2023-03-18,0.69,6,1,3,0,0,177.82
2023-03-19,0.57,7,1,3,0,0,162.84
2023-03-20,0.51,1,0,3,0,0,148.2
2023-03-21,0.52,2,0,3,0,48425,180.9
2023-03-22,0.48,3,0,3,0,0,152.78
2023-03-23,0.48,4,0,3,0,0,156.8
2023-03-24,0.44,5,0,3,0,25244,183.52
2023-03-25,0.6,6,1,3,0,0,183.22
2023-03-26,0.6,7,1,3,0,0,166.85
2023-03-27,0.53,1,0,3,0,17974,185.68
2023-03-28,0.39,2,0,3,0,0,148.28
2023-03-29,0.5,3,0,3,0,0,156.43
2023-03-30,0.51,4,0,3,0,25268,182.56
2023-03-31,0.45,5,0,3,0,0,136.6
2023-04-01,0.61,6,1,4,0,0,168.11
2023-04-02,0.66,7,1,4,0,0,167.8
2023-04-03,0.47,1,0,4,0,0,145.67
2023-04-04,0.42,2,0,4,0,0,166.61
2023-04-05,0.41,3,0,4,0,0,155.14
2023-04-06,0.5,4,0,4,0,0,149.17
2023-04-07,0.42,5,0,4,0,0,146.43
2023-04-08,0.54,6,1,4,0,36546,196.07
2023-04-09,0.63,7,1,4,0,0,161.5
2023-04-10,0.45,1,0,4,0,0,152.06
2023-04-11,0.4,2,0,4,0,0,159.78
2023-04-12,0.43,3,0,4,0,0,144.55
2023-04-13,0.44,4,0,4,0,0,157.61
2023-04-14,0.52,5,0,4,0,34353,178.34
2023-04-15,0.62,6,1,4,0,0,168.69
2023-04-16,0.56,7,1,4,0,0,167.31
2023-04-17,0.44,1,0,4,0,0,154.84
2023-04-18,0.4,2,0,4,0,0,139.1
2023-04-19,0.4,3,0,4,0,0,143.79
2023-04-20,0.39,4,0,4,0,0,141.14
2023-04-21,0.47,5,0,4,0,0,155.63
2023-04-22,0.6,6,1,4,0,0,165.62
2023-04-23,0.57,7,1,4,0,0,168.05
2023-04-24,0.36,1,0,4,0,0,149.69
2023-04-25,0.52,2,0,4,0,0,169.27
2023-04-26,0.5,3,0,4,0,0,151.58
2023-04-27,0.35,4,0,4,0,0,164.7
2023-04-28,0.44,5,0,4,0,0,145.67
2023-04-29,0.65,6,1,4,0,0,186.98
2023-04-30,0.53,7,1,4,0,0,169.33
2023-05-01,0.4,1,0,5,0,0,156.24
2023-05-02,0.39,2,0,5,0,0,149.93
2023-05-03,0.55,3,0,5,0,0,146.93
2023-05-04,0.37,4,0,5,0,0,159.75
2023-05-05,0.38,5,0,5,0,0,175.3
2023-05-06,0.59,6,1,5,0,0,165.9
2023-05-07,0.58,7,1,5,0,0,178.93
2023-05-08,0.43,1,0,5,0,0,145.58
2023-05-09,0.44,2,0,5,0,0,138.63
2023-05-10,0.44,3,0,5,0,0,174.5
2023-05-11,0.6,4,0,5,0,0,170.97
2023-05-12,0.46,5,0,5,0,0,163.45
2023-05-13,0.54,6,1,5,0,0,165.06
2023-05-14,0.49,7,1,5,0,0,164.55
2023-05-15,0.45,1,0,5,0,0,148.2
2023-05-16,0.51,2,0,5,0,0,152.74
2023-05-17,0.42,3,0,5,0,0,153.06
2023-05-18,0.47,4,0,5,0,0,153.33
2023-05-19,0.43,5,0,5,0,1431,177.58
2023-05-20,0.59,6,1,5,0,0,157.47
2023-05-21,0.65,7,1,5,0,0,162.95
2023-05-22,0.48,1,0,5,0,0,171.56
2023-05-23,0.38,2,0,5,0,0,161.11
2023-05-24,0.48,3,0,5,0,0,158.21
2023-05-25,0.46,4,0,5,0,0,162.45
2023-05-26,0.52,5,0,5,0,0,137.61
2023-05-27,0.62,6,1,5,0,0,181.24
2023-05-28,0.59,7,1,5,0,0,157.17
2023-05-29,0.58,1,0,5,0,0,147.26
2023-05-30,0.47,2,0,5,0,0,140.62
2023-05-31,0.59,3,0,5,0,0,132.19
2023-06-01,0.42,4,0,6,0,0,154.01
2023-06-02,0.33,5,0,6,0,0,175.07
2023-06-03,0.53,6,1,6,0,0,177.94
2023-06-04,0.58,7,1,6,0,0,165.0
2023-06-05,0.45,1,0,6,0,0,157.25
2023-06-06,0.46,2,0,6,0,0,164.98
2023-06-07,0.39,3,0,6,0,0,162.32
2023-06-08,0.43,4,0,6,0,0,166.43
2023-06-09,0.39,5,0,6,0,0,165.5
2023-06-10,0.53,6,1,6,0,0,157.0
2023-06-11,0.6,7,1,6,0,0,164.61
2023-06-12,0.44,1,0,6,0,0,148.22
2023-06-13,0.52,2,0,6,0,0,153.61
2023-06-14,0.55,3,0,6,0,0,153.69
2023-06-15,0.47,4,0,6,0,0,152.16
2023-06-16,0.52,5,0,6,0,0,142.22
2023-06-17,0.55,6,1,6,0,0,167.02
2023-06-18,0.64,7,1,6,0,0,178.45
2023-06-19,0.48,1,0,6,0,0,146.75
2023-06-20,0.51,2,0,6,0,0,147.03
2023-06-21,0.4,3,0,6,0,0,145.23
2023-06-22,0.57,4,0,6,0,0,131.67
2023-06-23,0.51,5,0,6,0,0,150.14
2023-06-24,0.66,6,1,6,0,0,162.37
2023-06-25,0.56,7,1,6,0,0,164.5
2023-06-26,0.43,1,0,6,0,0,146.73
2023-06-27,0.35,2,0,6,0,0,155.64
2023-06-28,0.45,3,0,6,0,0,138.85
2023-06-29,0.51,4,0,6,0,0,146.82
2023-06-30,0.54,5,0,6,0,0,144.79
2023-07-01,0.71,6,1,7,1,0,233.81
2023-07-02,0.71,7,1,7,1,0,226.73
2023-07-03,0.6,1,0,7,1,20098,221.13
2023-07-04,0.56,2,0,7,1,0,192.29
2023-07-05,0.61,3,0,7,1,0,198.68
2023-07-06,0.7,4,0,7,1,0,193.74
2023-07-07,0.51,5,0,7,1,0,186.1
2023-07-08,0.73,6,1,7,1,0,219.76
2023-07-09,0.78,7,1,7,1,0,232.96
2023-07-10,0.65,1,0,7,1,0,186.71
2023-07-11,0.65,2,0,7,1,0,195.59
2023-07-12,0.65,3,0,7,1,0,217.51
2023-07-13,0.73,4,0,7,1,0,187.22
2023-07-14,0.62,5,0,7,1,0,210.11
2023-07-15,0.65,6,1,7,1,0,225.23
2023-07-16,0.73,7,1,7,1,0,230.25
2023-07-17,0.51,1,0,7,1,0,194.17
2023-07-18,0.66,2,0,7,1,0,224.5
2023-07-19,0.66,3,0,7,1,0,204.17
2023-07-20,0.67,4,0,7,1,0,197.96
2023-07-21,0.6,5,0,7,1,0,208.07
2023-07-22,0.76,6,1,7,1,0,212.71
2023-07-23,0.66,7,1,7,1,0,240.83
2023-07-24,0.42,1,0,7,1,0,212.79
2023-07-25,0.65,2,0,7,1,0,210.2
2023-07-26,0.59,3,0,7,1,0,202.27
2023-07-27,0.62,4,0,7,1,0,197.08
2023-07-28,0.59,5,0,7,1,0,203.84
2023-07-29,0.69,6,1,7,1,0,225.15
2023-07-30,0.62,7,1,7,1,0,229.57
2023-07-31,0.63,1,0,7,1,0,199.6
2023-08-01,0.52,2,0,8,1,0,202.66
2023-08-02,0.61,3,0,8,1,0,199.64
2023-08-03,0.6,4,0,8,1,0,194.27
2023-08-04,0.71,5,0,8,1,0,198.1
2023-08-05,0.65,6,1,8,1,0,238.37
2023-08-06,0.68,7,1,8,1,0,228.01
2023-08-07,0.6,1,0,8,1,0,197.3
2023-08-08,0.65,2,0,8,1,0,192.49
2023-08-09,0.66,3,0,8,1,0,201.45
2023-08-10,0.6,4,0,8,1,0,204.58
2023-08-11,0.67,5,0,8,1,39391,225.87
2023-08-12,0.67,6,1,8,1,0,215.05
2023-08-13,0.74,7,1,8,1,0,208.31
2023-08-14,0.58,1,0,8,1,0,185.23
2023-08-15,0.62,2,0,8,1,0,204.99
2023-08-16,0.68,3,0,8,1,0,175.17
2023-08-17,0.53,4,0,8,1,0,211.67
2023-08-18,0.57,5,0,8,1,0,184.96
2023-08-19,0.72,6,1,8,1,0,220.8
2023-08-20,0.73,7,1,8,1,0,229.87
2023-08-21,0.58,1,0,8,1,0,192.91
2023-08-22,0.56,2,0,8,1,0,209.97
2023-08-23,0.57,3,0,8,1,0,211.56
2023-08-24,0.58,4,0,8,1,0,202.01
2023-08-25,0.58,5,0,8,1,0,202.57
2023-08-26,0.79,6,1,8,1,0,239.13
2023-08-27,0.84,7,1,8,1,30890,257.1
2023-08-28,0.62,1,0,8,1,0,201.32
2023-08-29,0.54,2,0,8,1,0,195.5
2023-08-30,0.69,3,0,8,1,0,201.89
2023-08-31,0.59,4,0,8,1,0,208.3
2023-09-01,0.53,5,0,9,0,0,144.57
2023-09-02,0.56,6,1,9,0,0,172.88
2023-09-03,0.5,7,1,9,0,0,180.04
2023-09-04,0.41,1,0,9,0,0,142.3
2023-09-05,0.53,2,0,9,0,28261,183.12
2023-09-06,0.5,3,0,9,0,0,143.7
2023-09-07,0.46,4,0,9,0,0,143.59
2023-09-08,0.5,5,0,9,0,0,164.12
2023-09-09,0.57,6,1,9,0,0,162.19
2023-09-10,0.55,7,1,9,0,0,163.46
2023-09-11,0.45,1,0,9,0,5604,193.06
2023-09-12,0.39,2,0,9,0,0,151.54
2023-09-13,0.48,3,0,9,0,43678,171.75
2023-09-14,0.53,4,0,9,0,0,155.17
2023-09-15,0.53,5,0,9,0,0,154.04
2023-09-16,0.55,6,1,9,0,0,182.88
2023-09-17,0.59,7,1,9,0,0,167.17
2023-09-18,0.49,1,0,9,0,0,151.06
2023-09-19,0.38,2,0,9,0,0,139.77
2023-09-20,0.49,3,0,9,0,0,160.71
2023-09-21,0.43,4,0,9,0,0,164.73
2023-09-22,0.44,5,0,9,0,0,157.06
2023-09-23,0.61,6,1,9,0,0,189.38
2023-09-24,0.62,7,1,9,0,0,168.95
2023-09-25,0.42,1,0,9,0,0,165.78
2023-09-26,0.44,2,0,9,0,0,149.91
2023-09-27,0.44,3,0,9,0,0,153.8
2023-09-28,0.45,4,0,9,0,0,160.56
2023-09-29,0.47,5,0,9,0,0,152.57
2023-09-30,0.67,6,1,9,0,0,172.33
2023-10-01,0.54,7,1,10,0,0,167.97
2023-10-02,0.5,1,0,10,0,0,124.76
2023-10-03,0.5,2,0,10,0,1970,177.56
2023-10-04,0.47,3,0,10,0,0,152.85
2023-10-05,0.5,4,0,10,0,0,143.34
2023-10-06,0.38,5,0,10,0,0,147.92
2023-10-07,0.6,6,1,10,0,0,166.01
2023-10-08,0.57,7,1,10,0,0,186.4
2023-10-09,0.45,1,0,10,0,0,146.88
2023-10-10,0.5,2,0,10,0,0,145.34
2023-10-11,0.41,3,0,10,0,0,157.56
2023-10-12,0.5,4,0,10,0,0,144.95
2023-10-13,0.48,5,0,10,0,0,133.97
2023-10-14,0.64,6,1,10,0,0,172.44
2023-10-15,0.53,7,1,10,0,0,172.12
2023-10-16,0.35,1,0,10,0,0,144.62
2023-10-17,0.42,2,0,10,0,0,144.3
2023-10-18,0.43,3,0,10,0,0,153.05
2023-10-19,0.45,4,0,10,0,0,154.44
2023-10-20,0.42,5,0,10,0,0,143.04
2023-10-21,0.58,6,1,10,0,0,186.18
2023-10-22,0.53,7,1,10,0,0,177.42
2023-10-23,0.46,1,0,10,0,19063,189.07
2023-10-24,0.45,2,0,10,0,0,142.86
2023-10-25,0.42,3,0,10,0,0,134.18
2023-10-26,0.44,4,0,10,0,0,163.42
2023-10-27,0.48,5,0,10,0,0,149.6
2023-10-28,0.58,6,1,10,0,0,163.85
2023-10-29,0.75,7,1,10,0,0,182.85
2023-10-30,0.39,1,0,10,0,0,145.73
2023-10-31,0.48,2,0,10,0,0,146.66
2023-11-01,0.56,3,0,11,0,0,140.5
2023-11-02,0.47,4,0,11,0,0,156.16
2023-11-03,0.37,5,0,11,0,0,143.14
2023-11-04,0.53,6,1,11,0,0,170.1
2023-11-05,0.55,7,1,11,0,0,177.69
2023-11-06,0.42,1,0,11,0,0,146.35
2023-11-07,0.39,2,0,11,0,0,165.86
2023-11-08,0.43,3,0,11,0,0,125.34
2023-11-09,0.47,4,0,11,0,0,148.09
2023-11-10,0.47,5,0,11,0,0,137.82
2023-11-11,0.61,6,1,11,0,0,162.65
2023-11-12,0.68,7,1,11,0,0,157.96
2023-11-13,0.4,1,0,11,0,0,162.82
2023-11-14,0.44,2,0,11,0,0,151.93
2023-11-15,0.27,3,0,11,0,0,139.45
2023-11-16,0.39,4,0,11,0,0,149.62
2023-11-17,0.41,5,0,11,0,0,157.15
2023-11-18,0.68,6,1,11,0,0,164.33
2023-11-19,0.57,7,1,11,0,0,175.82
2023-11-20,0.53,1,0,11,0,0,144.95
2023-11-21,0.5,2,0,11,0,0,155.19
2023-11-22,0.58,3,0,11,0,0,135.05
2023-11-23,0.44,4,0,11,0,0,144.69
2023-11-24,0.47,5,0,11,0,0,153.46
2023-11-25,0.61,6,1,11,0,0,179.5
2023-11-26,0.5,7,1,11,0,0,178.04
2023-11-27,0.48,1,0,11,0,0,159.47
2023-11-28,0.5,2,0,11,0,0,141.55
2023-11-29,0.49,3,0,11,0,0,153.43
2023-11-30,0.5,4,0,11,0,0,155.46
2023-12-01,0.45,5,0,12,0,4817,180.65
2023-12-02,0.56,6,1,12,0,0,181.91
2023-12-03,0.58,7,1,12,0,0,145.96
2023-12-04,0.5,1,0,12,0,0,136.45
2023-12-05,0.43,2,0,12,0,0,156.64
2023-12-06,0.41,3,0,12,0,0,166.52
2023-12-07,0.45,4,0,12,0,0,149.9
2023-12-08,0.5,5,0,12,0,0,141.56
2023-12-09,0.62,6,1,12,0,0,176.61
2023-12-10,0.65,7,1,12,0,0,166.64
2023-12-11,0.49,1,0,12,0,0,157.99
2023-12-12,0.4,2,0,12,0,0,169.03
2023-12-13,0.52,3,0,12,0,0,153.43
2023-12-14,0.53,4,0,12,0,0,140.74
2023-12-15,0.55,5,0,12,0,0,149.64
2023-12-16,0.66,6,1,12,0,0,171.77
2023-12-17,0.56,7,1,12,0,0,173.28
2023-12-18,0.5,1,0,12,0,0,148.5
2023-12-19,0.44,2,0,12,0,0,132.02
2023-12-20,0.61,3,0,12,1,0,205.67
2023-12-21,0.6,4,0,12,1,0,190.89
2023-12-22,0.71,5,0,12,1,0,189.39
2023-12-23,0.8,6,1,12,1,0,228.45
2023-12-24,0.77,7,1,12,1,0,224.49
2023-12-25,0.54,1,0,12,1,0,200.42
2023-12-26,0.58,2,0,12,1,0,183.88
2023-12-27,0.6,3,0,12,1,0,196.39
2023-12-28,0.51,4,0,12,1,0,218.19
2023-12-29,0.45,5,0,12,1,0,208.55
2023-12-30,0.7,6,1,12,1,0,220.35
2023-12-31,0.75,7,1,12,1,0,223.74
2024-01-01,0.63,1,0,1,1,0,185.4
2024-01-02,0.59,2,0,1,1,0,202.97
2024-01-03,0.58,3,0,1,1,0,204.56
2024-01-04,0.69,4,0,1,1,0,200.16
2024-01-05,0.52,5,0,1,1,0,213.1
2024-01-06,0.69,6,1,1,0,0,168.37
2024-01-07,0.59,7,1,1,0,0,158.31
2024-01-08,0.44,1,0,1,0,0,139.37
2024-01-09,0.5,2,0,1,0,0,158.65
2024-01-10,0.42,3,0,1,0,0,143.55
2024-01-11,0.46,4,0,1,0,0,157.42
2024-01-12,0.44,5,0,1,0,0,166.43
2024-01-13,0.5,6,1,1,0,0,171.48
2024-01-14,0.65,7,1,1,0,0,159.76
2024-01-15,0.51,1,0,1,0,0,162.76
2024-01-16,0.5,2,0,1,0,0,153.1
2024-01-17,0.46,3,0,1,0,0,152.65
2024-01-18,0.36,4,0,1,0,0,145.56
2024-01-19,0.42,5,0,1,0,0,155.49
2024-01-20,0.61,6,1,1,0,0,176.03
2024-01-21,0.53,7,1,1,0,0,165.43
2024-01-22,0.48,1,0,1,0,0,136.74
2024-01-23,0.4,2,0,1,0,0,166.56
2024-01-24,0.44,3,0,1,0,0,151.36
2024-01-25,0.46,4,0,1,0,0,159.18
2024-01-26,0.49,5,0,1,0,0,135.5
2024-01-27,0.61,6,1,1,0,0,168.18
2024-01-28,0.52,7,1,1,0,0,165.45
2024-01-29,0.51,1,0,1,0,29336,177.72
2024-01-30,0.42,2,0,1,0,0,156.93
2024-01-31,0.4,3,0,1,0,0,146.8
2024-02-01,0.41,4,0,2,0,0,167.99
2024-02-02,0.53,5,0,2,0,0,141.88
2024-02-03,0.57,6,1,2,0,0,156.85
2024-02-04,0.61,7,1,2,0,0,163.88
2024-02-05,0.37,1,0,2,0,0,158.84
2024-02-06,0.42,2,0,2,0,0,178.01
2024-02-07,0.44,3,0,2,0,1013,182.38
2024-02-08,0.42,4,0,2,0,0,148.71
2024-02-09,0.41,5,0,2,0,0,162.63
2024-02-10,0.58,6,1,2,0,0,175.54
2024-02-11,0.58,7,1,2,0,0,169.95
2024-02-12,0.44,1,0,2,0,0,146.89
2024-02-13,0.39,2,0,2,0,0,151.58
2024-02-14,0.42,3,0,2,0,0,156.07
2024-02-15,0.43,4,0,2,0,0,150.1
2024-02-16,0.57,5,0,2,0,0,148.67
2024-02-17,0.55,6,1,2,0,0,164.89
2024-02-18,0.67,7,1,2,0,0,164.44
2024-02-19,0.41,1,0,2,0,0,154.61
2024-02-20,0.45,2,0,2,0,0,147.78
2024-02-21,0.45,3,0,2,0,0,161.33
2024-02-22,0.44,4,0,2,0,0,157.25
2024-02-23,0.47,5,0,2,0,0,153.34
2024-02-24,0.52,6,1,2,0,0,190.56
2024-02-25,0.48,7,1,2,0,0,184.99
2024-02-26,0.45,1,0,2,0,0,135.34
2024-02-27,0.48,2,0,2,0,0,151.49
2024-02-28,0.44,3,0,2,0,0,150.11
2024-02-29,0.45,4,0,2,0,0,166.07
2024-03-01,0.44,5,0,3,0,0,155.1
2024-03-02,0.62,6,1,3,0,0,169.0
2024-03-03,0.66,7,1,3,0,0,172.85
2024-03-04,0.41,1,0,3,0,0,150.09
2024-03-05,0.44,2,0,3,0,0,129.39
2024-03-06,0.42,3,0,3,0,0,150.74
2024-03-07,0.49,4,0,3,0,0,150.85
2024-03-08,0.55,5,0,3,0,0,147.98
2024-03-09,0.59,6,1,3,0,0,183.65
2024-03-10,0.53,7,1,3,0,0,165.23
2024-03-11,0.38,1,0,3,0,0,146.0
2024-03-12,0.5,2,0,3,0,18317,175.31
2024-03-13,0.43,3,0,3,0,0,143.06
2024-03-14,0.46,4,0,3,0,0,169.22
2024-03-15,0.41,5,0,3,0,13162,176.27
2024-03-16,0.55,6,1,3,0,0,174.71
2024-03-17,0.6,7,1,3,0,0,174.21
2024-03-18,0.5,1,0,3,0,0,159.48
2024-03-19,0.53,2,0,3,0,0,148.64
2024-03-20,0.48,3,0,3,0,0,142.13
2024-03-21,0.42,4,0,3,0,0,148.64
2024-03-22,0.4,5,0,3,0,0,153.49
2024-03-23,0.57,6,1,3,0,0,186.57
2024-03-24,0.61,7,1,3,0,0,161.75
2024-03-25,0.46,1,0,3,0,0,142.23
2024-03-26,0.42,2,0,3,0,0,153.68
2024-03-27,0.35,3,0,3,0,0,157.7
2024-03-28,0.42,4,0,3,0,0,152.79
2024-03-29,0.52,5,0,3,0,0,159.81
2024-03-30,0.51,6,1,3,0,0,180.98
2024-03-31,0.65,7,1,3,0,0,162.99
2024-04-01,0.44,1,0,4,0,0,159.65
2024-04-02,0.39,2,0,4,0,0,140.69
2024-04-03,0.44,3,0,4,0,0,168.84
2024-04-04,0.55,4,0,4,0,0,160.04
2024-04-05,0.43,5,0,4,0,0,163.17
2024-04-06,0.63,6,1,4,0,0,170.74
2024-04-07,0.6,7,1,4,0,0,172.56
2024-04-08,0.46,1,0,4,0,0,147.44
2024-04-09,0.42,2,0,4,0,0,139.53
2024-04-10,0.51,3,0,4,0,0,141.17
2024-04-11,0.45,4,0,4,0,0,138.0
2024-04-12,0.43,5,0,4,0,0,142.91
2024-04-13,0.53,6,1,4,0,0,169.71
2024-04-14,0.53,7,1,4,0,0,175.13
2024-04-15,0.42,1,0,4,0,0,134.12
2024-04-16,0.35,2,0,4,0,0,152.71
2024-04-17,0.54,3,0,4,0,0,130.87
2024-04-18,0.39,4,0,4,0,0,146.69
2024-04-19,0.47,5,0,4,0,0,154.47
2024-04-20,0.59,6,1,4,0,0,151.94
2024-04-21,0.54,7,1,4,0,0,163.59
2024-04-22,0.54,1,0,4,0,0,153.73
2024-04-23,0.46,2,0,4,0,0,150.44
2024-04-24,0.45,3,0,4,0,0,143.52
2024-04-25,0.48,4,0,4,0,0,157.37
2024-04-26,0.42,5,0,4,0,0,151.55
2024-04-27,0.54,6,1,4,0,0,169.38
2024-04-28,0.52,7,1,4,0,0,173.32
2024-04-29,0.55,1,0,4,0,0,158.12
2024-04-30,0.49,2,0,4,0,0,141.6
2024-05-01,0.53,3,0,5,0,0,140.85
2024-05-02,0.42,4,0,5,0,0,151.0
2024-05-03,0.52,5,0,5,0,0,140.53
2024-05-04,0.62,6,1,5,0,0,175.54
2024-05-05,0.53,7,1,5,0,0,178.92
2024-05-06,0.44,1,0,5,0,0,139.61
2024-05-07,0.54,2,0,5,0,0,144.47
2024-05-08,0.52,3,0,5,0,0,154.74
2024-05-09,0.42,4,0,5,0,0,141.09
2024-05-10,0.4,5,0,5,0,0,163.64
2024-05-11,0.62,6,1,5,0,39507,194.79
2024-05-12,0.55,7,1,5,0,0,166.56
2024-05-13,0.49,1,0,5,0,0,171.99
2024-05-14,0.44,2,0,5,0,0,144.29
2024-05-15,0.55,3,0,5,0,29593,161.98
2024-05-16,0.39,4,0,5,0,0,158.42
2024-05-17,0.48,5,0,5,0,0,142.82
2024-05-18,0.58,6,1,5,0,0,151.27
2024-05-19,0.56,7,1,5,0,0,166.13
2024-05-20,0.46,1,0,5,0,0,151.29
2024-05-21,0.43,2,0,5,0,10486,178.63
2024-05-22,0.48,3,0,5,0,0,150.54
2024-05-23,0.56,4,0,5,0,28919,181.56
2024-05-24,0.37,5,0,5,0,0,153.57
2024-05-25,0.57,6,1,5,0,0,168.74
2024-05-26,0.61,7,1,5,0,0,158.07
2024-05-27,0.49,1,0,5,0,0,156.02
2024-05-28,0.39,2,0,5,0,0,157.4
2024-05-29,0.45,3,0,5,0,0,143.44
2024-05-30,0.41,4,0,5,0,0,163.03
2024-05-31,0.47,5,0,5,0,0,149.22
2024-06-01,0.51,6,1,6,0,0,183.6
2024-06-02,0.61,7,1,6,0,0,177.65
2024-06-03,0.43,1,0,6,0,0,160.33
2024-06-04,0.55,2,0,6,0,0,161.91
2024-06-05,0.41,3,0,6,0,0,155.99
2024-06-06,0.53,4,0,6,0,0,142.5
2024-06-07,0.52,5,0,6,0,0,135.57
2024-06-08,0.55,6,1,6,0,0,173.1
2024-06-09,0.57,7,1,6,0,0,160.05
2024-06-10,0.47,1,0,6,0,0,138.13
2024-06-11,0.43,2,0,6,0,0,146.58
2024-06-12,0.43,3,0,6,0,0,155.1
2024-06-13,0.42,4,0,6,0,0,165.43
2024-06-14,0.44,5,0,6,0,0,155.06
2024-06-15,0.61,6,1,6,0,0,172.14
2024-06-16,0.6,7,1,6,0,0,171.74
2024-06-17,0.41,1,0,6,0,0,157.07
2024-06-18,0.4,2,0,6,0,0,156.72
2024-06-19,0.42,3,0,6,0,0,144.76
2024-06-20,0.46,4,0,6,0,0,161.04
2024-06-21,0.53,5,0,6,0,0,142.96
2024-06-22,0.61,6,1,6,0,0,167.5
2024-06-23,0.58,7,1,6,0,0,176.13
2024-06-24,0.45,1,0,6,0,0,152.9
2024-06-25,0.48,2,0,6,0,0,148.97
2024-06-26,0.44,3,0,6,0,0,144.08
2024-06-27,0.5,4,0,6,0,0,155.36
2024-06-28,0.45,5,0,6,0,0,147.53
2024-06-29,0.62,6,1,6,0,0,177.99
2024-06-30,0.54,7,1,6,0,0,165.04
2024-07-01,0.57,1,0,7,1,1260,221.47
2024-07-02,0.59,2,0,7,1,0,207.21
2024-07-03,0.65,3,0,7,1,0,191.78
2024-07-04,0.57,4,0,7,1,0,203.74
2024-07-05,0.6,5,0,7,1,0,197.77
2024-07-06,0.75,6,1,7,1,0,223.08
2024-07-07,0.58,7,1,7,1,0,215.5
2024-07-08,0.61,1,0,7,1,0,195.07
2024-07-09,0.6,2,0,7,1,0,170.45
2024-07-10,0.68,3,0,7,1,0,217.07
2024-07-11,0.61,4,0,7,1,0,205.84
2024-07-12,0.58,5,0,7,1,0,208.66
2024-07-13,0.77,6,1,7,1,0,210.08
2024-07-14,0.73,7,1,7,1,0,218.63
2024-07-15,0.59,1,0,7,1,0,183.71
2024-07-16,0.6,2,0,7,1,0,188.73
2024-07-17,0.71,3,0,7,1,0,174.89
2024-07-18,0.57,4,0,7,1,0,187.4
2024-07-19,0.64,5,0,7,1,0,187.85
2024-07-20,0.68,6,1,7,1,0,221.06
2024-07-21,0.79,7,1,7,1,0,226.76
2024-07-22,0.64,1,0,7,1,0,200.98
2024-07-23,0.6,2,0,7,1,0,206.81
2024-07-24,0.59,3,0,7,1,0,202.16
2024-07-25,0.62,4,0,7,1,0,209.54
2024-07-26,0.6,5,0,7,1,0,188.02
2024-07-27,0.68,6,1,7,1,0,232.0
2024-07-28,0.76,7,1,7,1,0,227.36
2024-07-29,0.67,1,0,7,1,0,213.28
2024-07-30,0.68,2,0,7,1,0,200.7
2024-07-31,0.6,3,0,7,1,0,217.6
2024-08-01,0.58,4,0,8,1,0,199.58
2024-08-02,0.67,5,0,8,1,0,199.68
2024-08-03,0.8,6,1,8,1,0,219.28
2024-08-04,0.8,7,1,8,1,0,209.54
2024-08-05,0.51,1,0,8,1,0,210.41
2024-08-06,0.5,2,0,8,1,26732,244.67
2024-08-07,0.6,3,0,8,1,0,208.15
2024-08-08,0.62,4,0,8,1,0,196.63
2024-08-09,0.57,5,0,8,1,0,190.73
2024-08-10,0.75,6,1,8,1,0,228.33
2024-08-11,0.79,7,1,8,1,0,223.31
2024-08-12,0.6,1,0,8,1,0,202.81
2024-08-13,0.68,2,0,8,1,0,202.53
2024-08-14,0.63,3,0,8,1,0,200.15
2024-08-15,0.58,4,0,8,1,0,208.32
2024-08-16,0.47,5,0,8,1,0,203.86
2024-08-17,0.81,6,1,8,1,0,211.68
2024-08-18,0.74,7,1,8,1,0,211.45
2024-08-19,0.55,1,0,8,1,0,209.2
2024-08-20,0.6,2,0,8,1,0,208.41
2024-08-21,0.62,3,0,8,1,18808,243.85
2024-08-22,0.64,4,0,8,1,0,180.15
2024-08-23,0.6,5,0,8,1,0,207.0
2024-08-24,0.72,6,1,8,1,0,217.76
2024-08-25,0.78,7,1,8,1,0,222.94
2024-08-26,0.67,1,0,8,1,0,176.25
2024-08-27,0.59,2,0,8,1,0,201.63
2024-08-28,0.62,3,0,8,1,0,214.23
2024-08-29,0.64,4,0,8,1,0,200.64
2024-08-30,0.63,5,0,8,1,0,189.57
2024-08-31,0.75,6,1,8,1,0,221.53
2024-09-01,0.51,7,1,9,0,0,166.81
2024-09-02,0.52,1,0,9,0,0,160.04
2024-09-03,0.4,2,0,9,0,0,147.4
2024-09-04,0.44,3,0,9,0,0,155.03
2024-09-05,0.4,4,0,9,0,0,158.73
2024-09-06,0.49,5,0,9,0,0,131.09
2024-09-07,0.57,6,1,9,0,0,163.8
2024-09-08,0.54,7,1,9,0,0,171.38
2024-09-09,0.29,1,0,9,0,0,143.23
2024-09-10,0.52,2,0,9,0,0,134.02
2024-09-11,0.46,3,0,9,0,0,147.14
2024-09-12,0.42,4,0,9,0,0,144.13
2024-09-13,0.39,5,0,9,0,0,166.04
2024-09-14,0.63,6,1,9,0,0,176.72
2024-09-15,0.57,7,1,9,0,0,185.74
2024-09-16,0.48,1,0,9,0,0,136.84
2024-09-17,0.44,2,0,9,0,0,148.68
2024-09-18,0.45,3,0,9,0,0,169.16
2024-09-19,0.5,4,0,9,0,0,153.9
2024-09-20,0.42,5,0,9,0,31802,190.96
2024-09-21,0.57,6,1,9,0,0,160.22
2024-09-22,0.54,7,1,9,0,25308,200.97
2024-09-23,0.45,1,0,9,0,0,144.34
2024-09-24,0.39,2,0,9,0,24815,184.66
2024-09-25,0.51,3,0,9,0,0,134.93
2024-09-26,0.36,4,0,9,0,0,162.3
2024-09-27,0.4,5,0,9,0,0,152.31
2024-09-28,0.58,6,1,9,0,0,163.48
2024-09-29,0.62,7,1,9,0,0,177.15
2024-09-30,0.43,1,0,9,0,0,154.23
2024-10-01,0.37,2,0,10,0,0,146.78
2024-10-02,0.41,3,0,10,0,0,174.31
2024-10-03,0.44,4,0,10,0,0,158.19
2024-10-04,0.56,5,0,10,0,0,136.02
2024-10-05,0.56,6,1,10,0,0,185.2
2024-10-06,0.62,7,1,10,0,0,175.01
2024-10-07,0.43,1,0,10,0,0,151.57
2024-10-08,0.52,2,0,10,0,0,130.16
2024-10-09,0.47,3,0,10,0,0,139.98
2024-10-10,0.28,4,0,10,0,0,165.36
2024-10-11,0.47,5,0,10,0,0,162.65
2024-10-12,0.61,6,1,10,0,0,170.31
2024-10-13,0.59,7,1,10,0,0,169.7
2024-10-14,0.46,1,0,10,0,0,135.19
2024-10-15,0.47,2,0,10,0,0,140.51
2024-10-16,0.47,3,0,10,0,0,150.32
2024-10-17,0.4,4,0,10,0,0,169.88
2024-10-18,0.39,5,0,10,0,0,147.51
2024-10-19,0.65,6,1,10,0,0,178.57
2024-10-20,0.69,7,1,10,0,0,177.22
2024-10-21,0.47,1,0,10,0,0,148.79
2024-10-22,0.38,2,0,10,0,0,153.71
2024-10-23,0.4,3,0,10,0,0,147.9
2024-10-24,0.44,4,0,10,0,0,158.71
2024-10-25,0.35,5,0,10,0,0,148.55
2024-10-26,0.58,6,1,10,0,0,171.17
2024-10-27,0.58,7,1,10,0,0,165.54
2024-10-28,0.48,1,0,10,0,0,157.46
2024-10-29,0.51,2,0,10,0,0,143.28
2024-10-30,0.47,3,0,10,0,0,170.48
2024-10-31,0.49,4,0,10,0,0,162.15
2024-11-01,0.54,5,0,11,0,0,139.11
2024-11-02,0.55,6,1,11,0,0,175.18
2024-11-03,0.6,7,1,11,0,0,168.46
2024-11-04,0.43,1,0,11,0,0,174.52
2024-11-05,0.6,2,0,11,0,43001,180.64
2024-11-06,0.46,3,0,11,0,0,159.84
2024-11-07,0.43,4,0,11,0,0,149.42
2024-11-08,0.43,5,0,11,0,0,142.51
2024-11-09,0.56,6,1,11,0,0,180.61
2024-11-10,0.63,7,1,11,0,0,180.92
2024-11-11,0.41,1,0,11,0,0,124.7
2024-11-12,0.44,2,0,11,0,0,162.4
2024-11-13,0.52,3,0,11,0,0,149.52
2024-11-14,0.52,4,0,11,0,0,146.93
2024-11-15,0.39,5,0,11,0,0,149.07
2024-11-16,0.52,6,1,11,0,0,183.35
2024-11-17,0.72,7,1,11,0,0,165.49
2024-11-18,0.48,1,0,11,0,0,151.7
2024-11-19,0.37,2,0,11,0,0,159.55
2024-11-20,0.45,3,0,11,0,0,149.99
2024-11-21,0.51,4,0,11,0,0,134.36
2024-11-22,0.45,5,0,11,0,0,132.76
2024-11-23,0.54,6,1,11,0,0,173.6
2024-11-24,0.56,7,1,11,0,0,179.06
2024-11-25,0.36,1,0,11,0,0,149.23
2024-11-26,0.41,2,0,11,0,0,152.01
2024-11-27,0.43,3,0,11,0,0,164.37
2024-11-28,0.52,4,0,11,0,0,149.29
2024-11-29,0.45,5,0,11,0,0,159.84
2024-11-30,0.53,6,1,11,0,0,170.51
2024-12-01,0.62,7,1,12,0,0,158.72
2024-12-02,0.54,1,0,12,0,0,157.17
2024-12-03,0.38,2,0,12,0,0,143.96
2024-12-04,0.47,3,0,12,0,0,143.59
2024-12-05,0.53,4,0,12,0,0,168.94
2024-12-06,0.48,5,0,12,0,0,135.55
2024-12-07,0.46,6,1,12,0,0,175.67
2024-12-08,0.54,7,1,12,0,0,183.31
2024-12-09,0.48,1,0,12,0,0,138.09
2024-12-10,0.4,2,0,12,0,0,160.84
2024-12-11,0.34,3,0,12,0,0,144.74
2024-12-12,0.4,4,0,12,0,0,145.41
2024-12-13,0.42,5,0,12,0,0,151.04
2024-12-14,0.5,6,1,12,0,0,176.2
2024-12-15,0.69,7,1,12,0,0,152.89
2024-12-16,0.49,1,0,12,0,0,157.18
2024-12-17,0.34,2,0,12,0,0,159.95
2024-12-18,0.41,3,0,12,0,0,167.33
2024-12-19,0.41,4,0,12,0,0,153.61
2024-12-20,0.61,5,0,12,1,0,199.2
2024-12-21,0.76,6,1,12,1,0,213.48
2024-12-22,0.79,7,1,12,1,0,221.25
2024-12-23,0.55,1,0,12,1,0,201.32
2024-12-24,0.68,2,0,12,1,0,187.76
2024-12-25,0.63,3,0,12,1,0,184.99
2024-12-26,0.52,4,0,12,1,0,201.24
2024-12-27,0.45,5,0,12,1,0,207.84
2024-12-28,0.68,6,1,12,1,0,218.18
2024-12-29,0.7,7,1,12,1,0,215.46
2024-12-30,0.65,1,0,12,1,0,198.15
2024-12-31,0.59,2,0,12,1,0,212.42
2025-01-01,0.53,3,0,1,1,0,210.53
2025-01-02,0.62,4,0,1,1,0,204.1
2025-01-03,0.52,5,0,1,1,15466,240.11
2025-01-04,0.7,6,1,1,1,0,218.27
2025-01-05,0.74,7,1,1,1,0,206.99
2025-01-06,0.41,1,0,1,0,0,165.48
2025-01-07,0.4,2,0,1,0,0,133.05
2025-01-08,0.51,3,0,1,0,0,167.34
2025-01-09,0.41,4,0,1,0,0,143.78
2025-01-10,0.45,5,0,1,0,0,157.03
2025-01-11,0.72,6,1,1,0,0,149.98
2025-01-12,0.66,7,1,1,0,0,157.92
2025-01-13,0.45,1,0,1,0,0,152.72
2025-01-14,0.52,2,0,1,0,0,159.15
2025-01-15,0.41,3,0,1,0,0,155.18
2025-01-16,0.41,4,0,1,0,0,141.73
2025-01-17,0.49,5,0,1,0,0,150.22
2025-01-18,0.48,6,1,1,0,0,180.61
2025-01-19,0.59,7,1,1,0,0,178.73
2025-01-20,0.48,1,0,1,0,0,149.23
2025-01-21,0.46,2,0,1,0,0,143.36
2025-01-22,0.49,3,0,1,0,0,152.12
2025-01-23,0.51,4,0,1,0,0,152.3
2025-01-24,0.38,5,0,1,0,0,139.85
2025-01-25,0.65,6,1,1,0,0,172.43
2025-01-26,0.65,7,1,1,0,0,179.44
2025-01-27,0.44,1,0,1,0,0,161.0
2025-01-28,0.4,2,0,1,0,0,151.31
2025-01-29,0.47,3,0,1,0,0,150.71
2025-01-30,0.42,4,0,1,0,0,126.19
2025-01-31,0.47,5,0,1,0,0,156.72
2025-02-01,0.57,6,1,2,0,0,183.14
2025-02-02,0.6,7,1,2,0,0,166.49
2025-02-03,0.43,1,0,2,0,0,140.36
2025-02-04,0.54,2,0,2,0,0,154.07
2025-02-05,0.42,3,0,2,0,0,163.39
2025-02-06,0.65,4,0,2,0,0,141.27
2025-02-07,0.53,5,0,2,0,0,146.99
2025-02-08,0.67,6,1,2,0,0,177.4
2025-02-09,0.56,7,1,2,0,0,154.84
2025-02-10,0.5,1,0,2,0,0,157.44
2025-02-11,0.34,2,0,2,0,0,145.79
2025-02-12,0.54,3,0,2,0,0,149.78
2025-02-13,0.44,4,0,2,0,0,158.29
2025-02-14,0.41,5,0,2,0,0,159.13
2025-02-15,0.58,6,1,2,0,0,169.57
2025-02-16,0.58,7,1,2,0,0,175.65
2025-02-17,0.46,1,0,2,0,0,170.05
2025-02-18,0.44,2,0,2,0,0,156.96
2025-02-19,0.48,3,0,2,0,0,148.13
2025-02-20,0.53,4,0,2,0,0,139.9
2025-02-21,0.47,5,0,2,0,0,160.29
2025-02-22,0.62,6,1,2,0,0,161.73
2025-02-23,0.56,7,1,2,0,0,174.84
2025-02-24,0.42,1,0,2,0,0,150.01
2025-02-25,0.4,2,0,2,0,0,158.77
2025-02-26,0.53,3,0,2,0,0,155.04
2025-02-27,0.43,4,0,2,0,0,137.54
2025-02-28,0.5,5,0,2,0,0,151.58
2025-03-01,0.58,6,1,3,0,0,158.48
2025-03-02,0.6,7,1,3,0,0,172.06
2025-03-03,0.5,1,0,3,0,0,144.85
2025-03-04,0.5,2,0,3,0,0,135.52
2025-03-05,0.45,3,0,3,0,0,154.73
2025-03-06,0.57,4,0,3,0,0,151.41
2025-03-07,0.47,5,0,3,0,0,143.76
2025-03-08,0.64,6,1,3,0,0,164.7
2025-03-09,0.56,7,1,3,0,0,179.85
2025-03-10,0.45,1,0,3,0,0,156.62
2025-03-11,0.47,2,0,3,0,0,141.67
2025-03-12,0.36,3,0,3,0,0,149.85
2025-03-13,0.47,4,0,3,0,0,142.49
2025-03-14,0.44,5,0,3,0,0,139.12
2025-03-15,0.62,6,1,3,0,0,158.5
2025-03-16,0.55,7,1,3,0,0,172.93
2025-03-17,0.47,1,0,3,0,0,159.07
2025-03-18,0.44,2,0,3,0,0,138.85
2025-03-19,0.41,3,0,3,0,0,161.63
2025-03-20,0.43,4,0,3,0,0,151.14
2025-03-21,0.44,5,0,3,0,0,148.65
2025-03-22,0.69,6,1,3,0,0,173.79
2025-03-23,0.55,7,1,3,0,0,171.68
2025-03-24,0.44,1,0,3,0,0,149.98
2025-03-25,0.46,2,0,3,0,0,157.71
2025-03-26,0.49,3,0,3,0,0,149.51
2025-03-27,0.47,4,0,3,0,0,142.76
2025-03-28,0.32,5,0,3,0,0,165.9
2025-03-29,0.63,6,1,3,0,0,173.04
2025-03-30,0.57,7,1,3,0,0,162.69
2025-03-31,0.37,1,0,3,0,0,152.32
2025-04-01,0.41,2,0,4,0,0,152.94
2025-04-02,0.45,3,0,4,0,0,135.32
2025-04-03,0.45,4,0,4,0,0,156.03
2025-04-04,0.36,5,0,4,0,0,151.59
2025-04-05,0.51,6,1,4,0,0,171.79
2025-04-06,0.6,7,1,4,0,0,179.23
2025-04-07,0.47,1,0,4,0,0,153.46
2025-04-08,0.41,2,0,4,0,0,156.81
2025-04-09,0.52,3,0,4,0,0,147.21
2025-04-10,0.5,4,0,4,0,0,165.69
2025-04-11,0.47,5,0,4,0,0,148.56
2025-04-12,0.68,6,1,4,0,0,162.09
2025-04-13,0.67,7,1,4,0,0,163.82
2025-04-14,0.48,1,0,4,0,0,167.96
2025-04-15,0.47,2,0,4,0,0,146.31
2025-04-16,0.48,3,0,4,0,0,162.65
2025-04-17,0.47,4,0,4,0,27529,195.11
2025-04-18,0.43,5,0,4,0,38597,193.2
2025-04-19,0.56,6,1,4,0,0,181.56
2025-04-20,0.54,7,1,4,0,0,186.0
2025-04-21,0.44,1,0,4,0,0,163.8
2025-04-22,0.48,2,0,4,0,0,152.51
2025-04-23,0.38,3,0,4,0,0,154.47
2025-04-24,0.44,4,0,4,0,0,141.43
2025-04-25,0.44,5,0,4,0,0,146.8
2025-04-26,0.68,6,1,4,0,0,179.5
2025-04-27,0.49,7,1,4,0,0,173.07
2025-04-28,0.42,1,0,4,0,0,165.49
2025-04-29,0.4,2,0,4,0,0,145.3
2025-04-30,0.44,3,0,4,0,0,144.53
2025-05-01,0.49,4,0,5,0,0,135.02
2025-05-02,0.41,5,0,5,0,0,173.69
2025-05-03,0.49,6,1,5,0,0,173.54
2025-05-04,0.54,7,1,5,0,0,177.67
2025-05-05,0.43,1,0,5,0,0,136.36
2025-05-06,0.46,2,0,5,0,0,139.91
2025-05-07,0.42,3,0,5,0,0,145.51
2025-05-08,0.45,4,0,5,0,0,149.14
2025-05-09,0.36,5,0,5,0,0,154.44
2025-05-10,0.55,6,1,5,0,0,182.57
2025-05-11,0.53,7,1,5,0,0,167.87
2025-05-12,0.4,1,0,5,0,0,155.28
2025-05-13,0.42,2,0,5,0,0,144.48
2025-05-14,0.46,3,0,5,0,0,170.5
2025-05-15,0.47,4,0,5,0,0,161.76
2025-05-16,0.43,5,0,5,0,0,151.35
2025-05-17,0.61,6,1,5,0,0,157.63
2025-05-18,0.56,7,1,5,0,0,169.44
2025-05-19,0.39,1,0,5,0,0,145.51
2025-05-20,0.47,2,0,5,0,0,132.77
2025-05-21,0.42,3,0,5,0,0,143.39
2025-05-22,0.42,4,0,5,0,0,150.96
2025-05-23,0.47,5,0,5,0,0,134.02
2025-05-24,0.57,6,1,5,0,0,170.42
2025-05-25,0.57,7,1,5,0,0,188.06
2025-05-26,0.39,1,0,5,0,0,148.06
2025-05-27,0.49,2,0,5,0,0,137.1
2025-05-28,0.39,3,0,5,0,0,140.73
2025-05-29,0.41,4,0,5,0,0,153.47
2025-05-30,0.42,5,0,5,0,0,160.11
2025-05-31,0.63,6,1,5,0,0,163.63
2025-06-01,0.57,7,1,6,0,0,163.38
2025-06-02,0.47,1,0,6,0,0,142.37
2025-06-03,0.35,2,0,6,0,0,160.63
2025-06-04,0.47,3,0,6,0,28923,168.82
2025-06-05,0.48,4,0,6,0,0,133.57
2025-06-06,0.4,5,0,6,0,0,150.36
2025-06-07,0.61,6,1,6,0,0,149.94
2025-06-08,0.43,7,1,6,0,0,181.04
2025-06-09,0.42,1,0,6,0,0,146.61
2025-06-10,0.42,2,0,6,0,0,144.27
2025-06-11,0.43,3,0,6,0,0,145.22
2025-06-12,0.51,4,0,6,0,0,146.89
2025-06-13,0.42,5,0,6,0,0,168.77
2025-06-14,0.53,6,1,6,0,0,183.26
2025-06-15,0.67,7,1,6,0,0,187.3
2025-06-16,0.38,1,0,6,0,0,151.44
2025-06-17,0.44,2,0,6,0,0,146.27
2025-06-18,0.39,3,0,6,0,0,165.19
2025-06-19,0.51,4,0,6,0,41270,182.19
2025-06-20,0.46,5,0,6,0,0,154.62
2025-06-21,0.56,6,1,6,0,0,190.13
2025-06-22,0.54,7,1,6,0,0,165.97
2025-06-23,0.45,1,0,6,0,0,165.12
2025-06-24,0.41,2,0,6,0,0,142.09
2025-06-25,0.51,3,0,6,0,0,143.41
2025-06-26,0.44,4,0,6,0,0,155.38
2025-06-27,0.49,5,0,6,0,0,144.07
2025-06-28,0.59,6,1,6,0,0,169.4
2025-06-29,0.6,7,1,6,0,5316,189.74
2025-06-30,0.44,1,0,6,0,0,148.95
2025-07-01,0.55,2,0,7,1,0,198.43
2025-07-02,0.54,3,0,7,1,0,182.86
2025-07-03,0.55,4,0,7,1,0,205.54
2025-07-04,0.6,5,0,7,1,0,218.21
2025-07-05,0.72,6,1,7,1,0,218.61
2025-07-06,0.74,7,1,7,1,0,229.18
2025-07-07,0.61,1,0,7,1,0,199.78
2025-07-08,0.59,2,0,7,1,0,214.72
2025-07-09,0.64,3,0,7,1,9558,230.12
2025-07-10,0.56,4,0,7,1,0,203.95
2025-07-11,0.61,5,0,7,1,0,193.84
2025-07-12,0.68,6,1,7,1,0,211.7
2025-07-13,0.76,7,1,7,1,0,214.33
2025-07-14,0.56,1,0,7,1,0,212.99
2025-07-15,0.6,2,0,7,1,0,199.32
2025-07-16,0.58,3,0,7,1,0,179.77
2025-07-17,0.57,4,0,7,1,0,194.0
2025-07-18,0.62,5,0,7,1,0,191.97
2025-07-19,0.72,6,1,7,1,0,225.76
2025-07-20,0.86,7,1,7,1,0,224.35
2025-07-21,0.57,1,0,7,1,0,219.69
2025-07-22,0.5,2,0,7,1,0,208.33
2025-07-23,0.64,3,0,7,1,0,211.45
2025-07-24,0.56,4,0,7,1,0,198.91
2025-07-25,0.58,5,0,7,1,4157,227.24
2025-07-26,0.66,6,1,7,1,0,235.11
2025-07-27,0.71,7,1,7,1,0,200.43
2025-07-28,0.54,1,0,7,1,0,220.34
2025-07-29,0.54,2,0,7,1,0,194.93
2025-07-30,0.54,3,0,7,1,0,206.27
2025-07-31,0.59,4,0,7,1,0,198.78
2025-08-01,0.73,5,0,8,1,49747,235.1
2025-08-02,0.67,6,1,8,1,0,239.78
2025-08-03,0.7,7,1,8,1,0,238.45
2025-08-04,0.67,1,0,8,1,0,207.2
2025-08-05,0.61,2,0,8,1,0,206.1
2025-08-06,0.65,3,0,8,1,0,216.62
2025-08-07,0.6,4,0,8,1,0,208.77
2025-08-08,0.78,5,0,8,1,0,188.45
2025-08-09,0.64,6,1,8,1,0,235.24
2025-08-10,0.7,7,1,8,1,0,206.82
2025-08-11,0.6,1,0,8,1,0,204.51
2025-08-12,0.61,2,0,8,1,0,212.45
2025-08-13,0.61,3,0,8,1,0,202.72
2025-08-14,0.63,4,0,8,1,13900,235.77
2025-08-15,0.69,5,0,8,1,0,203.8
2025-08-16,0.78,6,1,8,1,0,211.08
2025-08-17,0.85,7,1,8,1,0,231.8
2025-08-18,0.57,1,0,8,1,0,194.42
2025-08-19,0.51,2,0,8,1,0,203.51
2025-08-20,0.6,3,0,8,1,0,203.29
2025-08-21,0.64,4,0,8,1,0,207.4
2025-08-22,0.59,5,0,8,1,0,218.04
2025-08-23,0.73,6,1,8,1,0,220.54
2025-08-24,0.73,7,1,8,1,0,221.69
2025-08-25,0.58,1,0,8,1,0,190.84
2025-08-26,0.68,2,0,8,1,0,203.49
2025-08-27,0.51,3,0,8,1,0,185.69
2025-08-28,0.6,4,0,8,1,0,204.03
2025-08-29,0.57,5,0,8,1,0,195.22
2025-08-30,0.78,6,1,8,1,0,218.1
2025-08-31,0.71,7,1,8,1,0,215.55
2025-09-01,0.52,1,0,9,0,0,139.26
2025-09-02,0.48,2,0,9,0,0,138.73
2025-09-03,0.4,3,0,9,0,0,181.43
2025-09-04,0.47,4,0,9,0,0,162.37
2025-09-05,0.43,5,0,9,0,0,139.51
2025-09-06,0.48,6,1,9,0,0,163.14
2025-09-07,0.64,7,1,9,0,0,164.75
2025-09-08,0.34,1,0,9,0,0,158.78
2025-09-09,0.49,2,0,9,0,0,150.18
2025-09-10,0.42,3,0,9,0,0,156.18
2025-09-11,0.53,4,0,9,0,0,152.59
2025-09-12,0.43,5,0,9,0,0,139.68
2025-09-13,0.64,6,1,9,0,0,170.19
2025-09-14,0.53,7,1,9,0,0,173.43
2025-09-15,0.36,1,0,9,0,0,149.18
2025-09-16,0.34,2,0,9,0,0,154.62
2025-09-17,0.45,3,0,9,0,15870,173.9
2025-09-18,0.43,4,0,9,0,0,143.59
2025-09-19,0.48,5,0,9,0,0,140.4
2025-09-20,0.58,6,1,9,0,0,162.17
2025-09-21,0.59,7,1,9,0,0,164.34
2025-09-22,0.51,1,0,9,0,5650,182.71
2025-09-23,0.45,2,0,9,0,0,148.77
2025-09-24,0.48,3,0,9,0,0,141.66
2025-09-25,0.35,4,0,9,0,0,143.32
2025-09-26,0.5,5,0,9,0,0,151.66
2025-09-27,0.57,6,1,9,0,0,177.25
2025-09-28,0.68,7,1,9,0,0,162.02
2025-09-29,0.47,1,0,9,0,0,155.34
2025-09-30,0.4,2,0,9,0,0,162.85
2025-10-01,0.52,3,0,10,0,0,149.29
2025-10-02,0.53,4,0,10,0,0,145.71
2025-10-03,0.45,5,0,10,0,0,159.08
2025-10-04,0.61,6,1,10,0,0,177.17
2025-10-05,0.64,7,1,10,0,0,164.06
2025-10-06,0.41,1,0,10,0,0,155.74
2025-10-07,0.37,2,0,10,0,0,153.01
2025-10-08,0.48,3,0,10,0,0,136.76
2025-10-09,0.48,4,0,10,0,0,155.58
2025-10-10,0.46,5,0,10,0,0,139.2
2025-10-11,0.68,6,1,10,0,0,158.7
2025-10-12,0.52,7,1,10,0,0,175.62
2025-10-13,0.43,1,0,10,0,0,141.88
2025-10-14,0.46,2,0,10,0,0,158.56
2025-10-15,0.42,3,0,10,0,0,158.39
2025-10-16,0.49,4,0,10,0,0,144.46
2025-10-17,0.41,5,0,10,0,0,159.25
2025-10-18,0.65,6,1,10,0,0,166.29
2025-10-19,0.47,7,1,10,0,0,173.7
2025-10-20,0.48,1,0,10,0,0,152.44
2025-10-21,0.42,2,0,10,0,0,138.25
2025-10-22,0.5,3,0,10,0,0,159.64
2025-10-23,0.48,4,0,10,0,0,133.19
2025-10-24,0.39,5,0,10,0,0,125.69
2025-10-25,0.55,6,1,10,0,0,178.24
2025-10-26,0.63,7,1,10,0,0,161.42
2025-10-27,0.39,1,0,10,0,0,156.34
2025-10-28,0.46,2,0,10,0,0,146.84
2025-10-29,0.45,3,0,10,0,0,165.9
2025-10-30,0.42,4,0,10,0,0,161.53
2025-10-31,0.58,5,0,10,0,0,136.93
2025-11-01,0.64,6,1,11,0,0,158.55
2025-11-02,0.55,7,1,11,0,0,175.13
2025-11-03,0.5,1,0,11,0,0,146.93
2025-11-04,0.5,2,0,11,0,0,152.46
2025-11-05,0.4,3,0,11,0,20487,184.8
2025-11-06,0.51,4,0,11,0,0,163.45
2025-11-07,0.43,5,0,11,0,0,162.39
2025-11-08,0.6,6,1,11,0,0,186.97
2025-11-09,0.59,7,1,11,0,28428,229.16
2025-11-10,0.47,1,0,11,0,0,150.95
2025-11-11,0.4,2,0,11,0,0,180.31
2025-11-12,0.35,3,0,11,0,0,160.91
2025-11-13,0.44,4,0,11,0,0,151.1
2025-11-14,0.43,5,0,11,0,0,155.9
2025-11-15,0.54,6,1,11,0,0,186.63
2025-11-16,0.52,7,1,11,0,0,171.86
2025-11-17,0.51,1,0,11,0,0,142.14
2025-11-18,0.48,2,0,11,0,0,152.05
2025-11-19,0.5,3,0,11,0,0,149.4
2025-11-20,0.45,4,0,11,0,0,159.35
2025-11-21,0.37,5,0,11,0,0,173.99
2025-11-22,0.56,6,1,11,0,0,169.75
2025-11-23,0.53,7,1,11,0,44528,195.51
2025-11-24,0.48,1,0,11,0,0,155.86
2025-11-25,0.45,2,0,11,0,0,157.37
2025-11-26,0.41,3,0,11,0,0,138.36
2025-11-27,0.5,4,0,11,0,0,157.16
2025-11-28,0.46,5,0,11,0,0,141.96
2025-11-29,0.62,6,1,11,0,0,163.12
2025-11-30,0.57,7,1,11,0,0,177.57
2025-12-01,0.42,1,0,12,0,0,135.48
2025-12-02,0.47,2,0,12,0,0,130.76
2025-12-03,0.51,3,0,12,0,0,147.78
2025-12-04,0.47,4,0,12,0,0,144.41
2025-12-05,0.45,5,0,12,0,0,152.33
2025-12-06,0.62,6,1,12,0,0,163.05
2025-12-07,0.7,7,1,12,0,0,172.88
2025-12-08,0.51,1,0,12,0,0,150.18
2025-12-09,0.47,2,0,12,0,0,155.34
2025-12-10,0.43,3,0,12,0,0,158.77
2025-12-11,0.54,4,0,12,0,0,143.81
2025-12-12,0.5,5,0,12,0,0,162.88
2025-12-13,0.59,6,1,12,0,0,161.36
2025-12-14,0.51,7,1,12,0,0,167.22
2025-12-15,0.5,1,0,12,0,0,149.26
2025-12-16,0.45,2,0,12,0,0,159.27
2025-12-17,0.47,3,0,12,0,0,135.5
2025-12-18,0.51,4,0,12,0,0,145.13
2025-12-19,0.47,5,0,12,0,0,158.28
2025-12-20,0.73,6,1,12,1,0,231.42
2025-12-21,0.7,7,1,12,1,0,235.98
2025-12-22,0.64,1,0,12,1,0,210.68
2025-12-23,0.57,2,0,12,1,0,204.26
2025-12-24,0.63,3,0,12,1,0,200.83
2025-12-25,0.65,4,0,12,1,0,194.56
2025-12-26,0.59,5,0,12,1,0,206.65
2025-12-27,0.77,6,1,12,1,0,210.72
2025-12-28,0.75,7,1,12,1,0,233.49
2025-12-29,0.69,1,0,12,1,0,169.59
2025-12-30,0.6,2,0,12,1,0,196.93
2025-12-31,0.7,3,0,12,1,0,208.41
